{
    "position": [
        8.041100467810203,
        1.4033192247716642
    ],
    "std_dev": 19.19915814175889,
    "dispersion": 368.6076733522666
}